date,AQI,PM25,PM10,So2,No2,Co,O3,AQI_pred
2017-05-01,82.0,40.0,112.0,7.0,44.0,0.7,71.0,84.10549
2017-05-02,95.0,57.0,129.0,9.0,50.0,0.95,105.0,99.84346
2017-05-03,104.0,72.0,121.0,8.0,47.0,0.85,79.0,102.1628
2017-05-04,420.0,336.0,772.0,2.0,21.0,0.29,79.0,413.18726
2017-05-05,256.0,185.0,438.0,3.0,21.0,0.31,64.0,255.36435
2017-05-06,71.0,31.0,90.0,2.0,32.0,0.36,68.0,71.95281
2017-05-07,64.0,26.0,75.0,3.0,40.0,0.4,78.0,64.44579
2017-05-08,84.0,52.0,109.0,6.0,52.0,0.56,96.0,88.20332
2017-05-09,81.0,45.0,97.0,6.0,25.0,0.51,107.0,83.41031
2017-05-10,64.0,37.0,68.0,3.0,29.0,0.46,87.0,68.38009
2017-05-11,91.0,28.0,130.0,3.0,30.0,0.32,69.0,94.01582
2017-05-12,109.0,42.0,166.0,4.0,23.0,0.39,90.0,116.59855
2017-05-13,61.0,18.0,71.0,2.0,15.0,0.25,72.0,60.160652
2017-05-14,47.0,11.0,37.0,2.0,15.0,0.28,87.0,45.545456
2017-05-15,58.0,20.0,58.0,5.0,23.0,0.52,94.0,57.54418
2017-05-16,87.0,40.0,88.0,8.0,28.0,0.59,126.0,88.42453
2017-05-17,118.0,58.0,111.0,8.0,34.0,0.68,151.0,113.71351
2017-05-18,144.0,79.0,143.0,9.0,50.0,0.82,169.0,142.64406
2017-05-19,145.0,83.0,152.0,8.0,39.0,0.79,153.0,140.7207
2017-05-20,115.0,54.0,124.0,8.0,37.0,0.7,131.0,106.563675
2017-05-21,93.0,56.0,98.0,14.0,26.0,0.94,123.0,92.56777
2017-05-22,62.0,42.0,60.0,7.0,33.0,1.15,40.0,65.34335
2017-05-23,48.0,17.0,37.0,3.0,28.0,0.36,96.0,53.336895
2017-05-24,54.0,16.0,51.0,2.0,41.0,0.38,77.0,54.77089
2017-05-25,70.0,20.0,82.0,5.0,37.0,0.53,90.0,70.70871
2017-05-26,90.0,43.0,94.0,8.0,48.0,0.58,110.0,87.771164
2017-05-27,110.0,65.0,116.0,19.0,45.0,1.29,154.0,117.36392
2017-05-28,150.0,87.0,137.0,15.0,34.0,1.36,167.0,140.19284
2017-05-29,74.0,28.0,88.0,7.0,24.0,0.66,92.0,74.143394
2017-05-30,69.0,39.0,68.0,2.0,36.0,0.64,91.0,68.916084
2017-05-31,117.0,65.0,105.0,3.0,43.0,0.75,115.0,106.7156
2017-06-01,69.0,22.0,56.0,3.0,27.0,0.6,113.0,72.08693
2017-06-02,59.0,22.0,65.0,11.0,36.0,0.94,53.0,59.89142
2017-06-03,60.0,28.0,55.0,4.0,34.0,0.69,75.0,55.267532
2017-06-04,95.0,45.0,89.0,9.0,47.0,0.63,111.0,88.33465
2017-06-05,108.0,63.0,113.0,15.0,59.0,0.91,119.0,104.343735
2017-06-06,55.0,35.0,46.0,2.0,23.0,0.5,81.0,59.917694
2017-06-07,78.0,45.0,53.0,2.0,29.0,0.6,85.0,72.75559
2017-06-08,54.0,23.0,53.0,2.0,51.0,0.55,63.0,56.848328
2017-06-09,89.0,28.0,88.0,4.0,50.0,0.59,103.0,87.68183
2017-06-10,65.0,20.0,70.0,10.0,31.0,0.77,83.0,65.07263
2017-06-11,79.0,31.0,83.0,6.0,46.0,0.64,88.0,72.33935
2017-06-12,71.0,33.0,78.0,15.0,43.0,1.08,92.0,73.0888
2017-06-13,68.0,39.0,62.0,4.0,41.0,0.81,98.0,75.25498
2017-06-14,83.0,36.0,59.0,2.0,45.0,0.72,106.0,81.34841
2017-06-15,104.0,37.0,89.0,3.0,44.0,0.59,150.0,108.37486
2017-06-16,115.0,57.0,124.0,5.0,39.0,0.62,155.0,116.728096
2017-06-17,134.0,79.0,155.0,10.0,36.0,0.87,177.0,139.90071
2017-06-18,130.0,71.0,128.0,10.0,30.0,0.84,166.0,125.86664
2017-06-19,91.0,35.0,58.0,2.0,25.0,0.57,146.0,92.052704
2017-06-20,96.0,31.0,64.0,3.0,24.0,0.61,157.0,98.966125
2017-06-21,101.0,49.0,83.0,7.0,28.0,0.86,151.0,105.04091
2017-06-22,58.0,31.0,27.0,1.0,23.0,0.77,94.0,59.222424
2017-06-23,46.0,18.0,11.0,2.0,18.0,0.66,85.0,45.30479
2017-06-24,40.0,19.0,26.0,2.0,19.0,0.5,77.0,42.4781
2017-06-25,63.0,25.0,44.0,2.0,30.0,0.5,84.0,54.106216
2017-06-26,69.0,22.0,45.0,1.0,34.0,0.44,104.0,68.82795
2017-06-27,135.0,69.0,106.0,5.0,39.0,0.79,150.0,122.15044
2017-06-28,138.0,94.0,124.0,7.0,40.0,1.17,154.0,141.04755
2017-06-29,108.0,59.0,86.0,5.0,30.0,0.82,152.0,110.66323
2017-06-30,127.0,71.0,111.0,2.0,36.0,0.84,159.0,129.57391
2017-07-01,137.0,89.0,132.0,3.0,40.0,0.97,154.0,137.58951
2017-07-02,157.0,93.0,122.0,6.0,31.0,1.08,157.0,149.97855
2017-07-03,88.0,59.0,77.0,2.0,28.0,0.81,103.0,89.72543
2017-07-04,73.0,48.0,55.0,2.0,37.0,0.8,88.0,75.654655
2017-07-05,117.0,82.0,92.0,2.0,36.0,1.02,116.0,117.21366
2017-07-06,96.0,69.0,49.0,3.0,31.0,1.37,71.0,96.66078
2017-07-07,65.0,31.0,38.0,2.0,18.0,0.73,113.0,68.14586
2017-07-08,80.0,36.0,57.0,1.0,28.0,0.63,129.0,84.08804
2017-07-09,125.0,73.0,98.0,2.0,28.0,1.02,152.0,128.13304
2017-07-10,80.0,24.0,52.0,2.0,30.0,0.5,124.0,78.93849
2017-07-11,118.0,43.0,88.0,3.0,40.0,0.78,171.0,124.41581
2017-07-12,136.0,73.0,131.0,3.0,38.0,0.92,165.0,134.79623
2017-07-13,101.0,65.0,93.0,3.0,24.0,0.74,131.0,107.66902
2017-07-14,71.0,32.0,62.0,2.0,34.0,0.64,112.0,76.28837
2017-07-15,71.0,34.0,45.0,2.0,26.0,0.89,111.0,74.31676
2017-07-16,110.0,63.0,84.0,2.0,34.0,1.11,123.0,102.231026
2017-07-17,84.0,53.0,71.0,2.0,28.0,1.01,105.0,86.391045
2017-07-18,87.0,62.0,80.0,2.0,26.0,0.89,91.0,92.10915
2017-07-19,101.0,73.0,83.0,2.0,24.0,0.75,101.0,105.855774
2017-07-20,127.0,96.0,113.0,2.0,29.0,0.78,104.0,137.13426
2017-07-21,43.0,22.0,24.0,2.0,24.0,0.67,60.0,39.947052
2017-07-22,37.0,21.0,35.0,2.0,29.0,0.61,46.0,38.435486
2017-07-23,60.0,41.0,58.0,2.0,35.0,0.69,52.0,64.463455
2017-07-24,60.0,40.0,57.0,2.0,38.0,0.76,26.0,60.64099
2017-07-25,58.0,31.0,48.0,3.0,31.0,0.81,71.0,54.341408
2017-07-26,41.0,21.0,33.0,2.0,29.0,0.68,62.0,43.979496
2017-07-27,58.0,38.0,64.0,2.0,44.0,0.93,49.0,61.16092
2017-07-28,54.0,26.0,57.0,2.0,41.0,0.71,62.0,56.663857
2017-07-29,63.0,31.0,59.0,2.0,37.0,0.66,79.0,59.388668
2017-07-30,83.0,36.0,66.0,2.0,33.0,0.65,104.0,72.88781
2017-07-31,128.0,75.0,100.0,2.0,34.0,0.92,143.0,125.875305
2017-08-01,98.0,67.0,86.0,2.0,29.0,0.96,92.0,98.38168
2017-08-02,51.0,33.0,50.0,3.0,24.0,1.04,47.0,52.550278
2017-08-03,47.0,19.0,37.0,2.0,17.0,0.6,85.0,47.502754
2017-08-04,68.0,20.0,43.0,2.0,34.0,0.54,92.0,59.808823
2017-08-05,75.0,25.0,57.0,2.0,33.0,0.62,108.0,74.18134
2017-08-06,53.0,16.0,33.0,2.0,27.0,0.47,87.0,50.070538
2017-08-07,50.0,9.0,32.0,2.0,29.0,0.4,90.0,49.95375
2017-08-08,96.0,27.0,67.0,2.0,37.0,0.64,121.0,85.41124
2017-08-09,59.0,21.0,34.0,2.0,23.0,0.54,103.0,59.064953
2017-08-10,90.0,62.0,83.0,2.0,31.0,0.75,106.0,95.74388
2017-08-11,123.0,89.0,98.0,2.0,36.0,1.14,88.0,118.907166
2017-08-12,46.0,29.0,36.0,2.0,34.0,0.73,68.0,51.805008
2017-08-13,60.0,39.0,50.0,2.0,34.0,0.87,49.0,58.718517
2017-08-14,52.0,26.0,40.0,2.0,25.0,0.74,83.0,54.035618
2017-08-15,77.0,52.0,73.0,3.0,30.0,0.91,94.0,79.26142
2017-08-16,87.0,56.0,71.0,2.0,36.0,0.86,62.0,85.49205
2017-08-17,48.0,21.0,34.0,2.0,26.0,0.67,73.0,47.36262
2017-08-18,76.0,51.0,72.0,2.0,50.0,1.14,60.0,75.724075
2017-08-19,64.0,41.0,50.0,2.0,31.0,1.0,75.0,67.24835
2017-08-20,84.0,59.0,71.0,2.0,35.0,1.19,77.0,83.000824
2017-08-21,103.0,68.0,92.0,2.0,36.0,1.04,108.0,98.331276
2017-08-22,104.0,77.0,94.0,2.0,33.0,0.93,67.0,105.710495
2017-08-23,48.0,10.0,28.0,2.0,25.0,0.51,81.0,45.033413
2017-08-24,41.0,13.0,36.0,2.0,35.0,0.52,40.0,38.598663
2017-08-25,38.0,8.0,34.0,2.0,35.0,0.41,38.0,37.185818
2017-08-26,50.0,13.0,53.0,2.0,46.0,0.52,29.0,46.867966
2017-08-27,35.0,16.0,27.0,2.0,27.0,0.52,55.0,36.192974
2017-08-28,36.0,18.0,17.0,2.0,25.0,0.49,39.0,30.778381
2017-08-29,43.0,14.0,45.0,3.0,34.0,0.47,41.0,43.621895
2017-08-30,74.0,50.0,85.0,3.0,42.0,0.79,70.0,80.11424
2017-08-31,106.0,79.0,97.0,2.0,33.0,0.88,65.0,109.365585
2017-09-01,177.0,134.0,149.0,2.0,38.0,1.39,71.0,175.84329
2017-09-02,148.0,109.0,118.0,2.0,32.0,1.16,79.0,145.49536
2017-09-03,77.0,55.0,77.0,3.0,29.0,0.77,87.0,85.83556
2017-09-04,117.0,87.0,111.0,3.0,34.0,0.9,93.0,118.72548
2017-09-05,67.0,39.0,59.0,2.0,33.0,0.65,51.0,63.210915
2017-09-06,47.0,14.0,47.0,2.0,40.0,0.48,56.0,48.87184
2017-09-07,85.0,42.0,97.0,2.0,46.0,0.72,102.0,85.49243
2017-09-08,139.0,106.0,134.0,2.0,58.0,1.08,51.0,141.24406
2017-09-09,110.0,78.0,115.0,2.0,31.0,1.12,148.0,120.831696
2017-09-10,121.0,90.0,104.0,3.0,40.0,1.14,56.0,122.204254
2017-09-11,43.0,19.0,36.0,2.0,38.0,0.5,46.0,39.25907
2017-09-12,50.0,19.0,55.0,1.0,41.0,0.5,59.0,53.068638
2017-09-13,101.0,70.0,120.0,5.0,56.0,1.07,94.0,100.088806
2017-09-14,125.0,86.0,125.0,4.0,47.0,1.03,89.0,117.39143
2017-09-15,83.0,58.0,98.0,3.0,59.0,0.84,59.0,79.285706
2017-09-16,116.0,87.0,124.0,3.0,60.0,1.04,74.0,116.05728
2017-09-17,36.0,10.0,30.0,2.0,32.0,0.37,53.0,36.004345
2017-09-18,61.0,21.0,70.0,2.0,53.0,0.55,62.0,63.711857
2017-09-19,47.0,12.0,48.0,2.0,44.0,0.44,42.0,45.784256
2017-09-20,47.0,12.0,51.0,2.0,44.0,0.41,47.0,47.780544
2017-09-21,88.0,55.0,115.0,7.0,73.0,0.94,66.0,87.368126
2017-09-22,69.0,24.0,90.0,2.0,38.0,0.46,53.0,70.14219
2017-09-23,117.0,46.0,183.0,5.0,68.0,0.82,47.0,107.30086
2017-09-24,100.0,59.0,146.0,4.0,54.0,0.97,84.0,99.776535
2017-09-25,103.0,75.0,129.0,7.0,45.0,1.44,79.0,103.369934
2017-09-26,74.0,48.0,67.0,2.0,40.0,0.71,35.0,73.11206
2017-09-27,53.0,26.0,58.0,3.0,47.0,0.92,14.0,52.140076
2017-09-28,33.0,9.0,33.0,2.0,27.0,0.32,41.0,35.273052
2017-09-29,74.0,40.0,95.0,3.0,67.0,0.72,34.0,70.56319
2017-09-30,144.0,107.0,155.0,4.0,66.0,1.11,56.0,141.49118
2017-10-01,111.0,73.0,91.0,1.0,47.0,0.75,52.0,105.69866
2017-10-02,42.0,12.0,44.0,3.0,32.0,0.5,24.0,40.613007
2017-10-03,34.0,15.0,33.0,1.0,32.0,0.43,23.0,33.375942
2017-10-05,74.0,53.0,77.0,4.0,38.0,0.72,45.0,81.927345
2017-10-06,91.0,67.0,89.0,5.0,47.0,0.78,43.0,98.32289
2017-10-07,146.0,109.0,131.0,2.0,71.0,1.11,11.0,144.91553
2017-10-08,168.0,126.0,91.0,2.0,67.0,1.26,5.0,165.08783
2017-10-09,45.0,29.0,10.0,2.0,29.0,0.64,20.0,37.299652
2017-10-10,19.0,5.0,8.0,2.0,18.0,0.33,31.0,20.81781
2017-10-11,22.0,10.0,20.0,2.0,26.0,0.41,22.0,24.726349
2017-10-12,35.0,19.0,35.0,2.0,37.0,0.49,22.0,35.26234
2017-10-13,53.0,35.0,53.0,1.0,45.0,0.75,22.0,54.94761
2017-10-14,34.0,14.0,32.0,3.0,41.0,0.61,18.0,33.88393
2017-10-15,64.0,46.0,52.0,2.0,38.0,1.01,21.0,64.104095
2017-10-16,56.0,38.0,51.0,3.0,39.0,0.92,29.0,55.448105
2017-10-17,92.0,68.0,80.0,2.0,46.0,1.19,25.0,94.385315
2017-10-18,90.0,67.0,22.0,2.0,44.0,1.18,17.0,88.90203
2017-10-19,74.0,53.0,20.0,1.0,36.0,1.16,24.0,73.33966
2017-10-20,123.0,93.0,47.0,2.0,44.0,1.36,25.0,125.293175
2017-10-21,103.0,75.0,57.0,2.0,36.0,1.31,36.0,103.040215
2017-10-22,54.0,37.0,47.0,3.0,41.0,0.89,16.0,53.52532
2017-10-23,49.0,34.0,43.0,2.0,36.0,0.66,24.0,50.878704
2017-10-24,90.0,66.0,76.0,2.0,44.0,0.91,30.0,94.55753
2017-10-25,141.0,106.0,58.0,2.0,52.0,1.27,16.0,140.27692
2017-10-26,195.0,149.0,17.0,2.0,65.0,1.56,11.0,190.41142
2017-10-27,217.0,166.0,0.0,2.0,65.0,1.54,20.0,210.51881
2017-10-28,78.0,47.0,48.0,1.0,26.0,0.66,38.0,70.81446
2017-10-29,27.0,7.0,21.0,2.0,24.0,0.34,39.0,27.61544
2017-10-30,40.0,17.0,41.0,3.0,44.0,0.53,24.0,39.812496
2017-10-31,83.0,56.0,98.0,4.0,69.0,0.94,7.0,83.00072
2017-11-01,88.0,63.0,99.0,2.0,76.0,1.01,12.0,87.78642
2017-11-02,75.0,50.0,84.0,5.0,55.0,0.91,27.0,73.01786
2017-11-03,28.0,7.0,27.0,2.0,27.0,0.34,39.0,31.592335
2017-11-04,56.0,33.0,60.0,3.0,51.0,0.73,22.0,54.956505
2017-11-05,131.0,98.0,118.0,5.0,67.0,1.23,17.0,132.34673
2017-11-06,200.0,151.0,136.0,4.0,67.0,1.48,25.0,197.05496
2017-11-07,129.0,86.0,74.0,2.0,43.0,0.93,35.0,122.09462
2017-11-08,41.0,18.0,42.0,5.0,48.0,0.79,19.0,41.09456
2017-11-09,75.0,50.0,89.0,5.0,61.0,1.34,8.0,78.0741
2017-11-10,40.0,9.0,39.0,2.0,15.0,0.31,49.0,38.32131
2017-11-11,35.0,16.0,34.0,3.0,34.0,0.42,24.0,33.84536
2017-11-12,75.0,53.0,89.0,5.0,61.0,0.97,7.0,77.985886
2017-11-13,63.0,26.0,71.0,2.0,30.0,0.62,38.0,60.68383
2017-11-14,30.0,9.0,27.0,2.0,23.0,0.44,39.0,31.198387
2017-11-15,38.0,14.0,36.0,2.0,35.0,0.51,35.0,37.703423
2017-11-16,76.0,55.0,83.0,9.0,69.0,1.29,10.0,78.19365
2017-11-17,57.0,24.0,59.0,4.0,32.0,0.67,40.0,51.32926
2017-11-18,54.0,34.0,54.0,5.0,31.0,0.58,38.0,55.270973
2017-11-19,115.0,86.0,114.0,8.0,69.0,1.27,8.0,118.51816
2017-11-20,135.0,101.0,128.0,10.0,83.0,1.82,11.0,133.67325
2017-11-21,166.0,119.0,161.0,11.0,85.0,1.83,20.0,153.4684
2017-11-22,35.0,7.0,33.0,2.0,16.0,0.33,52.0,35.51696
2017-11-23,31.0,6.0,28.0,2.0,19.0,0.37,43.0,31.856167
2017-11-24,40.0,18.0,44.0,5.0,31.0,0.53,33.0,40.738358
2017-11-25,63.0,39.0,74.0,7.0,57.0,0.97,16.0,62.807552
2017-11-26,36.0,10.0,27.0,2.0,22.0,0.39,49.0,32.763916
2017-11-27,91.0,67.0,92.0,9.0,69.0,1.37,8.0,90.00758
2017-11-28,75.0,39.0,78.0,4.0,39.0,0.86,36.0,69.14455
2017-11-29,34.0,12.0,32.0,3.0,32.0,0.48,33.0,34.376205
2017-11-30,45.0,22.0,46.0,6.0,41.0,0.68,28.0,42.721043
2017-12-01,91.0,67.0,99.0,10.0,66.0,1.26,12.0,90.692245
2017-12-02,187.0,144.0,177.0,15.0,103.0,2.24,5.0,180.48683
2017-12-03,79.0,52.0,72.0,6.0,41.0,0.92,40.0,76.35762
2017-12-04,28.0,5.0,21.0,1.0,15.0,0.34,53.0,29.020954
2017-12-05,44.0,22.0,46.0,5.0,43.0,0.72,27.0,43.1505
2017-12-06,49.0,23.0,53.0,6.0,41.0,0.78,32.0,47.694557
2017-12-07,27.0,8.0,25.0,4.0,19.0,0.42,39.0,29.61102
2017-12-08,41.0,20.0,43.0,5.0,40.0,0.73,23.0,40.667725
2017-12-09,56.0,33.0,62.0,8.0,58.0,1.04,16.0,55.268105
2017-12-10,43.0,6.0,45.0,2.0,13.0,0.28,61.0,43.727833
2017-12-11,28.0,5.0,20.0,2.0,15.0,0.32,54.0,29.560387
2017-12-12,28.0,12.0,25.0,3.0,30.0,0.55,27.0,29.17258
2017-12-13,49.0,31.0,49.0,6.0,50.0,0.87,10.0,49.480316
2017-12-14,94.0,70.0,85.0,18.0,68.0,1.76,6.0,89.90941
2017-12-15,62.0,35.0,57.0,6.0,34.0,0.85,37.0,56.381298
2017-12-16,40.0,7.0,39.0,1.0,10.0,0.32,58.0,39.386745
2017-12-17,46.0,24.0,48.0,5.0,48.0,0.76,30.0,44.39723
2017-12-18,48.0,13.0,49.0,3.0,21.0,0.44,47.0,45.02047
2017-12-19,55.0,34.0,66.0,8.0,47.0,0.74,20.0,57.13732
2017-12-20,44.0,21.0,44.0,4.0,40.0,0.65,36.0,42.907425
2017-12-21,74.0,51.0,77.0,12.0,77.0,1.33,9.0,72.252396
2017-12-22,62.0,36.0,63.0,9.0,55.0,1.07,29.0,57.893196
2017-12-23,50.0,30.0,55.0,10.0,60.0,1.02,13.0,52.51479
2017-12-24,50.0,14.0,50.0,3.0,17.0,0.42,59.0,46.573074
2017-12-25,46.0,28.0,46.0,8.0,44.0,0.69,28.0,45.28211
2017-12-26,41.0,22.0,42.0,6.0,45.0,0.73,31.0,41.276566
2017-12-27,101.0,75.0,91.0,10.0,69.0,1.45,7.0,100.22571
2017-12-28,140.0,105.0,120.0,11.0,68.0,1.86,10.0,141.96767
2017-12-29,221.0,172.0,194.0,6.0,85.0,2.9,6.0,217.22128
2017-12-30,157.0,116.0,129.0,4.0,62.0,2.03,22.0,155.44644
2017-12-31,55.0,29.0,62.0,5.0,47.0,0.83,21.0,54.01697
2018-01-01,55.0,35.0,65.0,11.0,46.0,1.23,23.0,60.67446
2018-01-02,46.0,27.0,48.0,6.0,35.0,0.94,28.0,47.47397
2018-01-03,29.0,10.0,26.0,4.0,20.0,0.44,44.0,31.833054
2018-01-04,28.0,14.0,27.0,4.0,31.0,0.51,32.0,31.050938
2018-01-05,51.0,30.0,52.0,8.0,51.0,0.95,20.0,50.24994
2018-01-06,29.0,14.0,27.0,5.0,38.0,0.57,35.0,32.190826
2018-01-07,56.0,37.0,57.0,10.0,46.0,0.92,27.0,56.36187
2018-01-08,51.0,12.0,56.0,3.0,10.0,0.34,60.0,49.283184
2018-01-09,37.0,6.0,32.0,2.0,12.0,0.35,58.0,35.382687
2018-01-10,32.0,5.0,20.0,2.0,8.0,0.3,62.0,31.483727
2018-01-11,30.0,10.0,21.0,4.0,22.0,0.47,46.0,30.26633
2018-01-12,77.0,55.0,77.0,12.0,72.0,1.32,11.0,73.665955
2018-01-13,130.0,98.0,122.0,17.0,85.0,1.83,8.0,129.45676
2018-01-14,177.0,136.0,151.0,13.0,77.0,1.91,23.0,176.10815
2018-01-15,48.0,29.0,52.0,7.0,48.0,0.94,29.0,48.268505
2018-01-16,114.0,45.0,175.0,5.0,43.0,0.79,37.0,116.93857
2018-01-17,77.0,43.0,106.0,9.0,51.0,1.09,31.0,79.982315
2018-01-18,87.0,56.0,96.0,11.0,74.0,1.19,14.0,80.97141
2018-01-19,108.0,80.0,119.0,14.0,78.0,1.56,19.0,108.359215
2018-01-20,61.0,30.0,73.0,9.0,51.0,0.88,24.0,59.71647
2018-01-21,63.0,35.0,74.0,20.0,47.0,1.3,21.0,57.28413
2018-01-22,45.0,23.0,47.0,4.0,28.0,0.7,45.0,44.261593
2018-01-23,35.0,8.0,29.0,3.0,14.0,0.44,58.0,34.181847
2018-01-24,36.0,15.0,30.0,4.0,28.0,0.48,52.0,36.998787
2018-01-25,29.0,8.0,21.0,3.0,26.0,0.44,52.0,30.203907
2018-01-26,39.0,24.0,36.0,7.0,43.0,0.6,34.0,40.17287
2018-01-27,105.0,78.0,92.0,14.0,71.0,1.48,9.0,104.22715
2018-01-28,56.0,13.0,62.0,2.0,16.0,0.42,62.0,54.651184
2018-01-29,55.0,8.0,61.0,3.0,18.0,0.37,59.0,54.070663
2018-01-30,36.0,10.0,34.0,5.0,26.0,0.44,57.0,37.846558
2018-01-31,61.0,19.0,70.0,6.0,28.0,0.47,54.0,58.88408
2018-02-01,67.0,30.0,83.0,10.0,39.0,0.78,39.0,67.37977
2018-02-02,35.0,7.0,29.0,4.0,11.0,0.36,67.0,36.788624
2018-02-03,28.0,7.0,20.0,4.0,19.0,0.4,55.0,30.88752
2018-02-04,37.0,17.0,34.0,7.0,33.0,0.57,43.0,38.057156
2018-02-05,32.0,6.0,17.0,3.0,14.0,0.34,64.0,31.420715
2018-02-06,61.0,41.0,53.0,12.0,51.0,0.9,29.0,55.94937
2018-02-07,63.0,32.0,53.0,8.0,34.0,0.73,54.0,55.932922
2018-02-08,69.0,48.0,68.0,11.0,54.0,0.96,32.0,69.40154
2018-02-09,90.0,41.0,109.0,8.0,36.0,0.81,47.0,85.48279
2018-02-10,41.0,9.0,41.0,3.0,12.0,0.36,67.0,41.742443
2018-02-11,64.0,8.0,78.0,3.0,6.0,0.28,73.0,64.46279
2018-02-12,52.0,10.0,55.0,4.0,13.0,0.38,66.0,50.19662
2018-02-13,80.0,55.0,77.0,13.0,58.0,1.2,29.0,74.40879
2018-02-14,43.0,14.0,35.0,3.0,19.0,0.44,69.0,41.61651
2018-02-15,62.0,37.0,48.0,13.0,19.0,0.52,70.0,61.01832
2018-02-16,105.0,75.0,97.0,14.0,23.0,0.61,64.0,107.96892
2018-02-17,105.0,78.0,89.0,15.0,34.0,1.43,42.0,106.7635
2018-02-18,148.0,113.0,95.0,14.0,48.0,1.86,47.0,148.90244
2018-02-19,185.0,140.0,75.0,23.0,44.0,2.18,52.0,176.11589
2018-02-20,72.0,47.0,19.0,5.0,21.0,0.72,68.0,67.097176
2018-02-21,51.0,32.0,41.0,7.0,26.0,0.66,60.0,53.41544
2018-02-22,44.0,15.0,44.0,5.0,27.0,0.51,57.0,43.907394
2018-02-23,48.0,20.0,48.0,5.0,30.0,0.63,53.0,46.18494
2018-02-24,63.0,30.0,77.0,10.0,22.0,0.73,54.0,62.795845
2018-02-25,75.0,54.0,66.0,10.0,42.0,0.88,41.0,77.17909
2018-02-26,159.0,120.0,120.0,21.0,71.0,1.66,43.0,155.932
2018-02-27,219.0,169.0,171.0,12.0,57.0,2.05,38.0,215.62581
2018-02-28,133.0,92.0,121.0,9.0,37.0,1.12,66.0,126.05846
2018-03-01,48.0,14.0,48.0,3.0,15.0,0.38,75.0,47.764107
2018-03-02,99.0,73.0,99.0,17.0,52.0,1.08,41.0,99.77275
2018-03-03,217.0,167.0,195.0,19.0,75.0,1.94,29.0,212.41534
2018-03-04,135.0,61.0,198.0,7.0,37.0,0.89,38.0,129.93427
2018-03-05,92.0,47.0,132.0,8.0,43.0,0.93,37.0,93.500465
2018-03-06,65.0,45.0,65.0,10.0,40.0,0.95,44.0,67.05735
2018-03-07,64.0,44.0,61.0,8.0,48.0,0.78,34.0,64.38271
2018-03-08,61.0,42.0,58.0,5.0,35.0,0.73,59.0,64.6614
2018-03-09,136.0,101.0,112.0,12.0,68.0,1.3,35.0,136.31235
2018-03-10,165.0,123.0,136.0,15.0,64.0,1.53,60.0,160.2474
2018-03-11,83.0,60.0,69.0,16.0,47.0,1.33,51.0,82.62128
2018-03-12,183.0,141.0,147.0,11.0,72.0,1.7,43.0,182.30005
2018-03-13,289.0,238.0,9.0,10.0,93.0,2.08,71.0,286.4605
2018-03-14,293.0,242.0,0.0,16.0,80.0,2.61,54.0,290.37622
2018-03-15,69.0,26.0,48.0,3.0,17.0,0.46,75.0,53.502636
2018-03-16,57.0,31.0,63.0,6.0,29.0,0.59,62.0,58.370644
2018-03-17,82.0,58.0,35.0,4.0,60.0,0.93,18.0,78.93615
2018-03-18,135.0,102.0,21.0,2.0,54.0,1.02,41.0,131.69252
2018-03-19,101.0,73.0,29.0,3.0,45.0,0.78,51.0,102.551575
2018-03-20,44.0,22.0,39.0,3.0,32.0,0.48,61.0,45.115868
2018-03-21,78.0,56.0,79.0,8.0,53.0,0.84,38.0,81.78349
2018-03-22,114.0,85.0,103.0,7.0,65.0,0.96,47.0,116.78247
2018-03-23,146.0,110.0,137.0,10.0,86.0,1.36,31.0,143.31367
2018-03-24,117.0,85.0,84.0,9.0,60.0,1.12,63.0,116.92543
2018-03-25,76.0,53.0,91.0,6.0,56.0,0.63,70.0,80.519615
2018-03-26,155.0,117.0,141.0,11.0,70.0,0.99,78.0,151.39966
2018-03-27,245.0,194.0,195.0,11.0,98.0,1.37,64.0,240.35936
2018-03-28,388.0,154.0,858.0,5.0,52.0,0.89,56.0,382.22333
2018-03-29,115.0,44.0,178.0,12.0,45.0,0.86,51.0,115.00642
2018-03-30,68.0,39.0,81.0,7.0,50.0,0.59,60.0,66.11874
2018-03-31,128.0,96.0,148.0,12.0,80.0,1.05,56.0,124.742065
2018-04-01,221.0,173.0,209.0,14.0,78.0,1.51,102.0,219.00592
2018-04-02,283.0,229.0,211.0,10.0,61.0,1.82,104.0,280.66998
2018-04-03,78.0,12.0,98.0,2.0,15.0,0.28,75.0,77.79541
2018-04-04,34.0,21.0,20.0,2.0,30.0,0.44,36.0,33.3716
2018-04-05,91.0,48.0,70.0,2.0,28.0,0.59,33.0,76.54914
2018-04-06,78.0,16.0,89.0,1.0,8.0,0.26,86.0,72.835
2018-04-07,52.0,15.0,43.0,3.0,18.0,0.31,86.0,49.607536
2018-04-08,68.0,38.0,85.0,5.0,47.0,0.56,55.0,68.07142
2018-04-09,112.0,83.0,121.0,20.0,62.0,1.36,65.0,110.69779
2018-04-10,96.0,53.0,118.0,7.0,39.0,0.87,60.0,95.38835
2018-04-11,50.0,17.0,53.0,3.0,33.0,0.32,66.0,51.027298
2018-04-12,78.0,30.0,106.0,8.0,38.0,0.61,64.0,80.14801
2018-04-13,64.0,37.0,59.0,8.0,54.0,1.18,34.0,60.67079
2018-04-14,122.0,28.0,171.0,1.0,12.0,0.3,82.0,118.87411
2018-04-15,66.0,22.0,84.0,3.0,27.0,0.33,74.0,69.46922
2018-04-16,104.0,68.0,151.0,9.0,48.0,0.66,80.0,107.44506
2018-04-17,142.0,97.0,217.0,9.0,40.0,0.81,100.0,142.03429
2018-04-18,144.0,107.0,208.0,9.0,45.0,0.86,93.0,140.25662
2018-04-19,170.0,123.0,192.0,8.0,52.0,1.01,116.0,163.43466
2018-04-20,173.0,123.0,157.0,13.0,41.0,1.4,145.0,167.57928
2018-04-21,102.0,72.0,49.0,3.0,36.0,1.03,67.0,96.987434
2018-04-22,35.0,9.0,18.0,2.0,18.0,0.38,67.0,33.085
2018-04-23,41.0,15.0,32.0,2.0,24.0,0.41,76.0,42.916817
2018-04-24,45.0,17.0,36.0,3.0,36.0,0.42,68.0,45.431854
2018-04-25,61.0,30.0,62.0,3.0,43.0,0.46,81.0,59.43885
2018-04-26,118.0,88.0,110.0,7.0,49.0,0.76,94.0,121.31797
2018-04-27,111.0,41.0,169.0,3.0,39.0,0.58,87.0,114.48549
2018-04-28,129.0,86.0,165.0,9.0,53.0,0.76,112.0,126.90066
2018-04-29,196.0,151.0,175.0,7.0,61.0,1.07,103.0,195.71228
2018-04-30,62.0,28.0,69.0,4.0,23.0,0.65,85.0,62.14985
2018-05-01,125.0,40.0,176.0,2.0,28.0,0.46,57.0,123.39012
2018-05-02,45.0,15.0,43.0,2.0,22.0,0.28,70.0,46.162617
2018-05-03,50.0,13.0,51.0,2.0,25.0,0.26,79.0,50.91318
2018-05-04,87.0,57.0,108.0,7.0,53.0,0.59,89.0,90.195404
2018-05-05,179.0,78.0,246.0,4.0,45.0,0.52,70.0,163.26944
2018-05-06,121.0,59.0,190.0,3.0,40.0,0.51,82.0,127.90792
2018-05-07,102.0,55.0,137.0,8.0,34.0,0.76,115.0,101.44305
2018-05-08,68.0,27.0,76.0,4.0,39.0,0.49,81.0,65.47136
2018-05-09,86.0,43.0,96.0,7.0,46.0,0.63,100.0,82.59088
2018-05-10,122.0,89.0,138.0,11.0,60.0,1.03,119.0,126.23326
2018-05-11,105.0,78.0,107.0,5.0,50.0,0.84,86.0,107.78363
2018-05-12,190.0,139.0,132.0,3.0,43.0,1.51,80.0,180.06104
2018-05-13,72.0,44.0,78.0,5.0,38.0,0.58,96.0,75.05484
2018-05-14,168.0,118.0,150.0,6.0,43.0,1.21,137.0,164.4718
2018-05-15,95.0,67.0,102.0,4.0,39.0,1.02,101.0,96.01446
2018-05-16,147.0,111.0,75.0,4.0,36.0,1.81,93.0,147.61395
2018-05-17,64.0,43.0,52.0,2.0,27.0,0.95,60.0,64.90528
2018-05-18,60.0,21.0,47.0,3.0,25.0,0.53,108.0,64.86362
2018-05-19,78.0,36.0,70.0,4.0,41.0,0.74,100.0,75.05127
2018-05-20,59.0,36.0,45.0,2.0,28.0,0.77,89.0,62.681175
2018-05-21,82.0,60.0,25.0,2.0,36.0,1.02,35.0,81.87713
2018-05-22,105.0,42.0,133.0,1.0,24.0,0.4,63.0,101.982124
2018-05-23,142.0,56.0,231.0,4.0,39.0,0.47,77.0,150.14294
2018-05-24,107.0,49.0,129.0,7.0,49.0,0.74,118.0,106.750404
2018-05-25,111.0,60.0,126.0,6.0,38.0,0.76,131.0,109.17689
2018-05-26,140.0,99.0,167.0,3.0,35.0,0.81,87.0,136.91779
2018-05-27,89.0,42.0,125.0,2.0,31.0,0.35,83.0,94.79683
2018-05-28,188.0,64.0,256.0,2.0,22.0,0.24,67.0,176.01915
2018-05-29,46.0,12.0,38.0,2.0,30.0,0.31,67.0,42.19135
2018-05-30,56.0,12.0,36.0,2.0,32.0,0.34,94.0,54.643448
2018-05-31,97.0,26.0,66.0,5.0,42.0,0.56,130.0,90.50086
2018-06-01,91.0,26.0,66.0,2.0,44.0,0.47,130.0,90.81308
2018-06-02,120.0,47.0,101.0,7.0,48.0,0.7,159.0,119.960464
2018-06-03,92.0,53.0,125.0,3.0,37.0,0.64,105.0,96.324326
2018-06-04,76.0,28.0,86.0,2.0,38.0,0.42,98.0,77.105415
2018-06-05,110.0,38.0,117.0,6.0,44.0,0.55,135.0,105.36375
2018-06-06,116.0,48.0,139.0,8.0,42.0,0.69,151.0,122.053894
2018-06-07,71.0,23.0,58.0,2.0,23.0,0.48,113.0,68.97781
2018-06-08,52.0,13.0,36.0,2.0,30.0,0.42,87.0,50.412655
2018-06-09,52.0,20.0,43.0,2.0,29.0,0.53,81.0,51.31421
2018-06-10,60.0,31.0,32.0,1.0,21.0,0.67,103.0,62.851585
2018-06-11,88.0,63.0,61.0,1.0,29.0,0.78,106.0,92.06505
2018-06-12,125.0,84.0,94.0,2.0,43.0,0.94,111.0,120.308395
2018-06-13,77.0,46.0,38.0,2.0,30.0,0.88,82.0,72.383385
2018-06-14,66.0,21.0,38.0,2.0,35.0,0.61,105.0,70.99182
2018-06-15,130.0,80.0,46.0,4.0,28.0,1.41,128.0,126.49248
2018-06-16,111.0,77.0,69.0,2.0,28.0,0.94,124.0,114.233894
2018-06-17,77.0,45.0,59.0,2.0,27.0,0.77,121.0,83.32546
2018-06-18,126.0,80.0,92.0,2.0,33.0,0.88,116.0,120.369
2018-06-19,92.0,49.0,69.0,3.0,26.0,0.91,119.0,86.48412
2018-06-20,79.0,38.0,50.0,2.0,29.0,0.7,106.0,71.69572
2018-06-21,91.0,25.0,61.0,5.0,33.0,0.71,133.0,89.43575
2018-06-22,90.0,56.0,87.0,6.0,49.0,1.05,106.0,91.12358
2018-06-23,128.0,55.0,84.0,3.0,32.0,0.8,181.0,130.30104
2018-06-24,121.0,54.0,94.0,3.0,32.0,0.75,170.0,120.87694
2018-06-25,109.0,76.0,113.0,4.0,41.0,1.02,143.0,119.181046
2018-06-26,183.0,124.0,44.0,3.0,34.0,1.58,141.0,180.56555
2018-06-27,57.0,25.0,49.0,2.0,32.0,0.49,73.0,51.916595
2018-06-28,40.0,8.0,23.0,3.0,21.0,0.3,79.0,38.15735
2018-06-29,71.0,17.0,56.0,2.0,41.0,0.45,92.0,67.313126
2018-06-30,108.0,31.0,74.0,4.0,33.0,0.83,140.0,98.78073
2018-07-01,80.0,46.0,57.0,3.0,24.0,0.92,115.0,80.80873
2018-07-02,72.0,42.0,55.0,2.0,22.0,0.76,92.0,69.35646
2018-07-03,85.0,53.0,54.0,2.0,22.0,0.76,108.0,79.00058
2018-07-04,112.0,57.0,78.0,2.0,29.0,0.82,138.0,104.56203
2018-07-05,126.0,69.0,107.0,3.0,33.0,1.09,142.0,118.04956
2018-07-06,92.0,33.0,54.0,2.0,23.0,0.87,142.0,93.703545
2018-07-07,72.0,51.0,55.0,2.0,25.0,0.84,42.0,75.80526
2018-07-08,81.0,50.0,29.0,2.0,21.0,0.83,91.0,75.53196
2018-07-09,103.0,77.0,44.0,2.0,27.0,0.9,57.0,107.06308
2018-07-10,49.0,32.0,34.0,2.0,20.0,0.69,63.0,50.613224
2018-07-11,43.0,28.0,27.0,2.0,32.0,0.61,47.0,42.04846
2018-07-12,44.0,30.0,25.0,2.0,28.0,0.7,46.0,43.469196
2018-07-13,59.0,41.0,49.0,2.0,36.0,0.82,55.0,61.232483
2018-07-14,80.0,49.0,43.0,2.0,22.0,0.72,95.0,75.727516
2018-07-15,99.0,58.0,54.0,3.0,27.0,0.85,110.0,87.21869
2018-07-16,45.0,26.0,29.0,2.0,25.0,0.72,58.0,42.78323
2018-07-17,27.0,17.0,16.0,2.0,25.0,0.66,46.0,32.022114
2018-07-18,105.0,78.0,58.0,2.0,24.0,1.22,67.0,105.44447
2018-07-19,91.0,67.0,63.0,4.0,31.0,0.92,75.0,94.437996
2018-07-20,114.0,83.0,57.0,3.0,26.0,1.02,104.0,110.96513
2018-07-21,107.0,68.0,81.0,3.0,20.0,0.8,123.0,104.58107
2018-07-22,69.0,42.0,50.0,2.0,24.0,0.77,71.0,66.23151
2018-07-23,81.0,52.0,60.0,2.0,22.0,0.88,81.0,81.27409
2018-07-24,27.0,16.0,22.0,2.0,16.0,0.59,32.0,29.565128
2018-07-25,36.0,9.0,16.0,2.0,16.0,0.47,71.0,34.436348
2018-07-26,48.0,10.0,28.0,2.0,22.0,0.49,86.0,45.49321
2018-07-27,68.0,45.0,56.0,2.0,21.0,1.05,102.0,74.78381
2018-07-28,94.0,53.0,66.0,2.0,19.0,1.04,128.0,94.036354
2018-07-29,111.0,71.0,89.0,2.0,26.0,1.22,126.0,107.04152
2018-07-30,116.0,71.0,87.0,2.0,26.0,1.1,126.0,112.49822
2018-07-31,118.0,61.0,83.0,3.0,28.0,1.05,135.0,109.23043
2018-08-01,109.0,55.0,83.0,2.0,25.0,1.03,148.0,110.24256
2018-08-02,130.0,83.0,102.0,4.0,23.0,1.49,139.0,125.368256
2018-08-03,100.0,53.0,81.0,2.0,26.0,0.97,123.0,94.336685
2018-08-04,122.0,63.0,97.0,9.0,26.0,1.24,163.0,120.09505
2018-08-05,67.0,35.0,58.0,3.0,18.0,0.8,94.0,62.248894
2018-08-06,53.0,36.0,49.0,11.0,30.0,1.39,51.0,54.613052
2018-08-07,86.0,58.0,64.0,2.0,24.0,1.24,89.0,81.59095
2018-08-08,41.0,19.0,22.0,3.0,18.0,0.89,63.0,39.582577
2018-08-09,67.0,24.0,35.0,1.0,25.0,0.92,98.0,64.90792
2018-08-10,102.0,30.0,47.0,4.0,24.0,0.82,140.0,90.810486
2018-08-11,69.0,40.0,46.0,2.0,22.0,1.03,107.0,74.251144
2018-08-12,74.0,53.0,39.0,4.0,22.0,1.19,77.0,78.623085
2018-08-13,66.0,46.0,49.0,2.0,22.0,1.01,103.0,75.869705
2018-08-14,41.0,22.0,30.0,3.0,17.0,0.74,61.0,39.6495
2018-08-15,37.0,12.0,27.0,1.0,21.0,0.5,66.0,37.501034
2018-08-16,53.0,12.0,29.0,4.0,20.0,0.42,100.0,49.350105
2018-08-17,100.0,32.0,63.0,2.0,30.0,0.63,152.0,100.22664
2018-08-18,46.0,13.0,23.0,4.0,22.0,0.49,77.0,40.729446
2018-08-19,40.0,20.0,36.0,2.0,27.0,0.73,51.0,40.124226
2018-08-20,51.0,22.0,38.0,4.0,20.0,0.7,87.0,50.700035
2018-08-21,44.0,12.0,32.0,1.0,24.0,0.43,84.0,46.353855
2018-08-22,47.0,17.0,47.0,4.0,39.0,0.63,43.0,45.554115
2018-08-23,51.0,15.0,40.0,2.0,27.0,0.58,86.0,52.861862
2018-08-25,90.0,34.0,74.0,3.0,24.0,0.72,136.0,87.842766
2018-08-27,114.0,59.0,83.0,5.0,29.0,1.02,147.0,111.77161
2018-08-29,44.0,6.0,24.0,1.0,19.0,0.41,91.0,44.387367
2018-08-31,62.0,14.0,30.0,2.0,21.0,0.51,119.0,67.621956
2018-09-01,88.5,50.64,72.55,4.89,35.33,0.86,75.73,78.987854
2018-09-02,88.51,50.65,72.52,4.89,35.32,0.86,75.75,78.997116
